Title,Genre,Platform,Type,Image
Lizzie McGuire,Disney Channel,Disney+,TV Show,https://static.wikia.nocookie.net/disney-bonkers/images/0/03/Lizzie_McGuire.jpg/revision/latest?cb=20211010075617
The Proud Family,Disney Channel,Disney+,TV Show,https://m.media-amazon.com/images/M/MV5BMTRjYzdmYjctYTJjMy00MGVjLWFkZTItNGUxNGZmYzRmOWYyXkEyXkFqcGc@._V1_FMjpg_UX1000_.jpg
Kim Possible,Disney Channel,Disney+,TV Show,https://static0.srcdn.com/wordpress/wp-content/uploads/2024/08/kim-possible.jpg
That's So Raven,Disney Channel,Disney+,TV Show,https://m.media-amazon.com/images/M/MV5BZTlkNDUxOTgtNWY3My00NjI2LWJlMWUtNzRlZTI1MDcyYjNlXkEyXkFqcGc@._V1_FMjpg_UX1000_.jpg
Phil of the Future,Disney Channel,Disney+,TV Show,https://image.tmdb.org/t/p/original/Aq3GfvfcWnaI8IgQwocz6mhNkzb.jpg
American Dragon Jake Long,Disney Channel,Disney+,TV Show,https://image.tmdb.org/t/p/original/sAgoJOdvuMa3DD0JDpos9bdaF9S.jpg
The Suite Life of Zack & Cody,Disney Channel,Disney+,TV Show,https://i.ebayimg.com/images/g/cwAAAOSwmCZjDdBQ/s-l1200.jpg
Hannah Montana,Disney Channel,Disney+,TV Show,https://movieposters2.com/images/645749-b.jpg
Phineas and Ferb,Disney Channel,Disney+,TV Show,https://i5.walmartimages.com/seo/Phineas-and-Ferb-Wall-Art-Print-Poster-Home-Decor-Premium-poster-Frameless-Gift-12-x-18-inch-30cm-x-46cm_704ecb55-3fbd-43f0-88e9-1f189c05c46c.d22d3c434808974dcf454ae25402b8c5.jpeg
Wizards of Waverly Place,Disney Channel,Disney+,TV Show,https://i.ebayimg.com/images/g/-mQAAOSwwztg3YYb/s-l1200.jpg
Disney Channel Games,Disney Channel,Disney+,TV Show,https://m.media-amazon.com/images/M/MV5BOTQ2ODlmNjMtOGVjOS00NDM2LWEyNTctMmRjZTM2ZmY1OGI2XkEyXkFqcGc@._V1_FMjpg_UX1000_.jpg
The Suite Life on Deck,Disney Channel,Disney+,TV Show,"https://ih1.redbubble.net/image.1948096085.8551/flat,750x,075,f-pad,750x1000,f8f8f8.jpg"
Sonny With A Chance,Disney Channel,Disney+,TV Show,https://m.media-amazon.com/images/M/MV5BMGEwNjM0MmUtOTFlNy00ZmViLWJkMmEtMDYzZGE2YmJmZWY4XkEyXkFqcGc@._V1_.jpg
Jonas,Disney Channel,Disney+,TV Show,https://lumiere-a.akamaihd.net/v1/images/p_jonas_21237_5d76cc88.jpeg
Good Luck Charlie,Disney Channel,Disney+,TV Show,https://lumiere-a.akamaihd.net/v1/images/p_goodluckcharlie_19881_a60703ac.jpeg
Shake it Up,Disney Channel,Disney+,TV Show,https://m.media-amazon.com/images/M/MV5BMzdiYzM5NjctNjhlYS00ZGM4LTk1OGUtYzk0ZDJiYWU4NWZiXkEyXkFqcGc@._V1_.jpg
A.N.T. Farm,Disney Channel,Disney+,TV Show,https://m.media-amazon.com/images/M/MV5BYTI2Y2M3MzgtNjUxMS00OGNkLTk0OWQtMzU2MDdlNDVlNTJkXkEyXkFqcGc@._V1_FMjpg_UX1000_.jpg
Jessie,Disney Channel,Disney+,TV Show,https://image.tmdb.org/t/p/original/tspQe0FuiaUj0U1R1norNbiYTe4.jpg
Austin and Ally,Disney Channel,Disney+,TV Show,https://static.wikia.nocookie.net/international-entertainment-project/images/f/fb/Austin_%26_Ally_-_Poster.jpg/revision/latest?cb=20230114215524
Liv and Maddie,Disney Channel,Disney+,TV Show,https://m.media-amazon.com/images/M/MV5BYjRhMTYzZDMtYWJmZC00MWY3LTk5NzMtNjVjNDljYWNjM2E5XkEyXkFqcGc@._V1_.jpg
Gravity Falls,Disney Channel,Disney+,TV Show,https://i.etsystatic.com/17257718/r/il/7303c3/3270571899/il_fullxfull.3270571899_o9cb.jpg
Girl Meets World,Disney Channel,Disney+,TV Show,https://ew.com/thmb/30gjFNWdn6Hy_1UtkOQYmc9P2pc=/1500x0/filters:no_upscale():max_bytes(150000):strip_icc()/girl-meets-world-01-585218ef337c43c19da84b1e4233c91d.jpg
Stuck in the Middle,Disney Channel,Disney+,TV Show,https://m.media-amazon.com/images/M/MV5BN2FhMjM5ZmQtNjU1Zi00Y2U3LTllZjgtY2YzMmZlMWUwOGNjXkEyXkFqcGc@._V1_FMjpg_UX1000_.jpg
Bizaardvark,Disney Channel,Disney+,TV Show,https://m.media-amazon.com/images/M/MV5BYjZjN2Q2ZTctNGU3Mi00MzM1LWJjYzEtNWNiOGVhZTkyOGFhXkEyXkFqcGc@._V1_FMjpg_UX1000_.jpg
Boy Meets World,Disney Channel,Disney+,TV Show,https://i.ebayimg.com/images/g/SkUAAOSwQTZjv0eV/s-l1200.jpg
Recess,Disney Channel,Disney+,TV Show,https://image.tmdb.org/t/p/original/oQ8wldoZJvySG9jU5Sxap39PZoY.jpg
Rugrats,Nickelodeon,Paramount+,TV Show,https://images.fineartamerica.com/images/artworkimages/mediumlarge/3/rugrats-poster-mammie-cook.jpg
Hey Arnold,Nickelodeon,Paramount+,TV Show,https://cdn.displate.com/artwork/857x1200/2024-10-07/c6a32519-407e-4c16-89fd-c2557f1de60f.jpg
The Amanda Show,Nickelodeon,Paramount+,TV Show,https://m.media-amazon.com/images/M/MV5BNjNmMzExMDAtMmYxNi00YWQ5LTliMjEtNjg4NWM4NDllYzVhXkEyXkFqcGc@._V1_FMjpg_UX1000_.jpg
Drake & Josh,Nickelodeon,Paramount+,TV Show,https://i.ebayimg.com/images/g/O7gAAOSw1EhmYou8/s-l400.jpg
Zoey 101,Nickelodeon,Paramount+,TV Show,https://m.media-amazon.com/images/M/MV5BNTM4NzQ5ZWEtMGQxNC00OGU0LTliZjItYjZlZGE0ZDQ2ZWI2XkEyXkFqcGc@._V1_.jpg
Doug,Nickelodeon,Disney+,TV Show,https://image.tmdb.org/t/p/original/y4mdof2HfUePW0rn4rR1oNz4lJ5.jpg
iCarly,Nickelodeon,Paramount+,TV Show,https://image.tmdb.org/t/p/original/kP8Z51s9D8tiGnoRbL88db0e2jv.jpg
Spongebob,Nickelodeon,Paramount+,TV Show,https://image.tmdb.org/t/p/original/amvtZgiTty0GHIgD56gpouBWrcy.jpg
CatDog,Nickelodeon,Paramount+,TV Show,https://m.media-amazon.com/images/M/MV5BZDIzNWIyZjItMzFkNS00M2NhLWFkMzAtNmYxYjZjMjAxYTY3XkEyXkFqcGc@._V1_.jpg
The Fairly Odd Parents,Nickelodeon,Paramount+,TV Show,https://m.media-amazon.com/images/M/MV5BY2RlNWMwZmUtMjM4MC00MDczLTk3NjktYTg2OTNiNThhNmNhXkEyXkFqcGc@._V1_FMjpg_UX1000_.jpg
Jimmy Neutron,Nickelodeon,Paramount+,TV Show,https://m.media-amazon.com/images/M/MV5BN2E4MWQwYjEtNzJjZC00OTkxLTkyZGMtYTQxYmUyOWZiMTgyXkEyXkFqcGc@._V1_.jpg
All Grown Up!,Nickelodeon,Paramount+,TV Show,https://m.media-amazon.com/images/M/MV5BODkyZWQwYjMtNTFlMC00NmI0LWI4NTktYmU5Yzc0NDUyNGUxXkEyXkFqcGc@._V1_.jpg
Kenan & Kel,Nickelodeon,Paramount+,TV Show,https://m.media-amazon.com/images/M/MV5BMjhlNjZiNmEtMGNmNi00NTkxLTllMzgtYzcyODY0Y2I2Yzg1XkEyXkFqcGc@._V1_.jpg
Victorious,Nickelodeon,Paramount+,TV Show,"https://ih1.redbubble.net/image.1995304620.0710/flat,750x,075,f-pad,750x1000,f8f8f8.jpg"
The Naked Brothers Band,Nickelodeon,Paramount+,TV Show,https://image.tmdb.org/t/p/original/ksdSDTU0Yx1GNof9vHquxJlEsuV.jpg
Naruto: Shippuden,Anime,Crunchy Roll,TV Show,https://m.media-amazon.com/images/I/81Zj-BWityL.jpg
Your Lie in April,Anime,Crunchy Roll,TV Show,https://i.pinimg.com/736x/62/84/9a/62849a05a12e3c92ccbcc1793a738606.jpg
Solo Leveling,Anime,Crunchy Roll,TV Show,https://i.etsystatic.com/37268737/r/il/68e56f/5739564279/il_fullxfull.5739564279_42bi.jpg
Ameku MD Doctor Detective,Anime,Crunchy Roll,TV Show,https://m.media-amazon.com/images/M/MV5BZGY3OTgzMzEtNmJlNC00ZWIxLWE5YTEtMjg1MDNiNzI0MzYyXkEyXkFqcGc@._V1_FMjpg_UX1000_.jpg
Momentary Lily,Anime,Crunchy Roll,TV Show,https://m.media-amazon.com/images/M/MV5BYzFkM2E2NTktMjM5ZS00YjdiLTg3NDAtZGYwM2MzMTU0NzIyXkEyXkFqcGc@._V1_.jpg
Medalist,Anime,Disney+,TV Show,https://m.media-amazon.com/images/M/MV5BNjQ4MGI0OTctNWE4Ny00MWFkLWJkZmEtNWY5NjlmZmJlZDgyXkEyXkFqcGc@._V1_.jpg
Okitsura,Anime,Crunchy Roll,TV Show,https://m.media-amazon.com/images/M/MV5BZmQ5ZTBkZjUtYTc4My00NTNiLWFhOWMtMTkzOGZhNDMxZGFmXkEyXkFqcGc@._V1_.jpg
Honey Lemon Soda,Anime,Crunchy Roll,TV Show,https://m.media-amazon.com/images/M/MV5BZjdhYTk5N2QtZTIzOC00NTUwLTk3MzItMjZkNzYzYzlhZGJlXkEyXkFqcGc@._V1_FMjpg_UX1000_.jpg
Apothecary Diaries,Anime,Crunchy Roll,TV Show,https://m.media-amazon.com/images/M/MV5BNjAxMmFjZjgtYjM1ZS00NzdmLTliZDktZmIyMzU5YTBlNDBmXkEyXkFqcGc@._V1_.jpg
Modern Family,Sitcom,Hulu,TV Show,https://preview.redd.it/thoughts-on-modern-family-v0-yboxmux1ngjd1.jpeg?width=640&crop=smart&auto=webp&s=73159123a9fd6b57f4fcf05ec2a3696bd37ccc29
Friends,Sitcom,Hulu,TV Show,https://m.media-amazon.com/images/M/MV5BOTU2YmM5ZjctOGVlMC00YTczLTljM2MtYjhlNGI5YWMyZjFkXkEyXkFqcGc@._V1_.jpg
Pokemon,Anime,Pokeflix,TV Show,https://mediaproxy.tvtropes.org/width/1200/https://static.tvtropes.org/pmwiki/pub/images/pokemon_the_series_poster.png
Yu-Gi-Oh,Anime,Hulu,TV Show,https://m.media-amazon.com/images/M/MV5BYzNkNjA1YTctMzU3ZS00ZWY3LWJjNjYtMTgyMmI0YWVkNjU4XkEyXkFqcGc@._V1_FMjpg_UX1000_.jpg
Powerpuff Girls,Cartoon Network,Max,TV Show,https://m.media-amazon.com/images/M/MV5BMDI5NmQwZTUtNWI0Mi00MDE2LTkwNzQtMDFmZjRkM2Y1YjEwXkEyXkFqcGc@._V1_FMjpg_UX1000_.jpg
Adventure Time,Cartoon Network,Max,TV Show,https://m.media-amazon.com/images/M/MV5BMjkxMzIwNmQtMzM5Ni00YWJiLTg4YjQtNjBiN2IxMjZhMGQ2XkEyXkFqcGc@._V1_.jpg
Courage the Cowardly Dog,Cartoon Network,Max,TV Show,https://m.media-amazon.com/images/M/MV5BNDJiYjJlZTctYmFkMy00MDE0LTgyYmYtZTg3NjViZmY3MDc4XkEyXkFqcGc@._V1_FMjpg_UX1000_.jpg
Sailor Moon,Anime,Disney+,TV Show,https://m.media-amazon.com/images/M/MV5BZDc2NDRiZDItMDdkOS00OTJjLWExYjAtNDQ5ZGJiYmE5NDJiXkEyXkFqcGc@._V1_.jpg
Danny Phantom,Nickelodeon,Paramount+,TV Show,https://m.media-amazon.com/images/M/MV5BNjJlNzc4ODktOGVjYS00MTJkLTgzZTYtZGViMDNlNmM2MGE2XkEyXkFqcGc@._V1_FMjpg_UX1000_.jpg
Avatar: The Last Airbender,Nickelodeon,Paramount+,TV Show,https://foreveryoungadult.com/wp-content/uploads/2021/10/Avatar-the-last-Airbender-Cover.jpg